{
  "$schema": "https://json-schema.org/draft/2020-12/schema",
  "title": "GIB Entry v0",
  "type": "object",
  "additionalProperties": false,
  "required": [
    "id",
    "glx_version",
    "created_at",
    "modified_at",
    "core",
    "links"
  ],
  "properties": {
    "id": {
      "type": "string",
      "pattern": "^gib:[a-z0-9-]+:[a-z0-9-]+$"
    },
    "glx_version": {
      "type": "string",
      "pattern": "^[0-9]+\\.[0-9]+$"
    },
    "created_at": {
      "type": "string",
      "format": "date-time"
    },
    "modified_at": {
      "type": "string",
      "format": "date-time"
    },
    "aka": {
      "type": "array",
      "items": {
        "type": "string"
      }
    },
    "core": {
      "type": "object",
      "required": [
        "definition"
      ],
      "properties": {
        "definition": {
          "type": "string"
        },
        "notes": {
          "type": "string"
        },
        "examples": {
          "type": "array",
          "items": {
            "type": "string"
          }
        }
      },
      "additionalProperties": false
    },
    "links": {
      "type": "object",
      "properties": {
        "narrower_than": {
          "type": "array",
          "items": {
            "type": "string"
          }
        },
        "broader_than": {
          "type": "array",
          "items": {
            "type": "string"
          }
        },
        "related_to": {
          "type": "array",
          "items": {
            "type": "string"
          }
        },
        "supersedes": {
          "type": "array",
          "items": {
            "type": "string"
          }
        },
        "superseded_by": {
          "type": "array",
          "items": {
            "type": "string"
          }
        }
      },
      "additionalProperties": false
    },
    "mappings": {
      "type": "object",
      "properties": {
        "ontolex": {
          "type": "array",
          "items": {
            "type": "string"
          }
        },
        "skos": {
          "type": "array",
          "items": {
            "type": "string"
          }
        }
      },
      "additionalProperties": false
    },
    "hash": {
      "type": "string",
      "pattern": "^[a-f0-9]{64}$"
    }
  }
}